{"education": 84.56603773584905, "relief": 53.20754716981132, "donate": 67.9622641509434, "help": 90.60377358490567, "charity": 50.54716981132076}